Guo14	TCGTATGCCGTCTTCTG
Hankon2	CACTCGGGCACCAAGGA
Hakon3	GTGTCAGTCACTTCCAGCGG
Hakon4	TGTAGGCACCATC
Hakon5	AAAAAAAAAA
Hakon6	TCGTATGCCGTCTTCTGCTT

Kiniry1	CTGTAGGCACCATCAAT
Kiniry2	AGATCGGAAGAGC
Kiniry3	CGCCTTGGCCGTACAGCAG
Kiniry5	TGGAATTCTCGGGTGCCAAGG
Kiniry6	CCTTGGCACCCGAGAATT
Kiniry7	GATCGGAAGAGCGTCGT
Kiniry8	CTGATGGCGCGAGGGAG
Kiniry9	GATCGGAAGAGCACACG
Kiniry10	AATGATACGGCGACCAC
Kiniry11	GATCGGAAGAGCTCGTA
Kiniry12	CAAGCAGAAGACGGCAT
Kiniry13	ACACTCTTTCCCTACA
Kiniry14	GATCGGAAGAGCGGTT
Kiniry15	ACAGGTTCAGAGTTCTA
Kiniry16	CAAGCAGAAGACGGCAT
Kiniry17	ACAGGTTCAGAGTTCTA
Kiniry19	TGATCGGAAGAGCACAC
Kiniry20	GATCGGAAGAGCACACGT

Illumina Universal Adapter	AGATCGGAAGAGC
Illumina Small RNA 3' Adapter	TGGAATTCTCGG
Illumina Small RNA 5' Adapter	GATCGTCGGACT
Nextera Transposase Sequence	CTGTCTCTTATA
SOLID Small RNA Adapter	CGCCTTGGCCGT
Ingolia 2012 adapter	CTGTAGGCACCATCAAT
Illumina Uni. Adapter var2	ATCGTAGATCGGAAG